{"schemaVersion":"1.0","appDefinitionTemplate":{"id":"/providers/Microsoft.PowerApps/apps/","type":"Microsoft.PowerApps/apps","tags":{"minimumRequiredApiVersion":"2.2.0"},"properties":{"appVersion":"2018-10-26T11:17:56Z","lifeCycleId":"Published","createdByClientVersion":{"major":3,"minor":18103,"build":23,"revision":0,"majorRevision":0,"minorRevision":0},"minClientVersion":{"major":3,"minor":18103,"build":23,"revision":0,"majorRevision":0,"minorRevision":0},"backgroundColor":"rgba(0, 176, 240, 1)","backgroundImageUri":"/12640337145734239560/Nbebb8609-e53f-4fa9-82a6-b7d39f6544ad-logoSmallFile","displayName":"Calendar Screen","description":"","appUris":{"documentUri":{"value":"/12640337145734239560/N16730ca5-058c-47a4-9917-b1f4ff20f772-document.msapp","readonlyValue":"/12640337145734239560/N16730ca5-058c-47a4-9917-b1f4ff20f772-document.msapp"},"imageUris":[]},"createdTime":"0001-01-01T00:00:00Z","lastModifiedTime":"0001-01-01T00:00:00Z","sharedGroupsCount":0,"sharedUsersCount":0,"icons":{"smallIconUri":"/12640337145734239560/N7f4ba351-a6c3-4e4b-b84f-c86d3bae3e05-small.png","mediumIconUri":"/12640337145734239560/Nba5b6057-570c-401b-8a50-9ca97f71e580-medium.png","largeIconUri":"/12640337145734239560/Na5240332-1e9b-4892-ae6b-a055f9096358-large.png","wideIconUri":"/12640337145734239560/N00d01e14-d82c-4cf2-83ed-185cebc71006-wide.png"},"connectionReferences":{"7b405db0-8f29-4f27-9f25-a47576a08eb2":{"id":"c0c390b1-c142-4b52-9a15-c9ff5ba3b50d","displayName":"Office 365 Outlook","iconUri":"https://connectoricons-prod.azureedge.net/office365/icon_1.0.1008.1183.png","dataSources":["Office365"],"dependencies":[],"dependents":[],"parameterHints":{},"isOnPremiseConnection":false,"bypassConsent":false,"dataSets":{},"apiTier":"Standard"}},"almMode":"Environment"}}}